temperature_K,F_kJ_mol,U_kJ_mol,S_J_K_mol,Cv_J_K_mol,S_phonopy,Cv_phonopy
0,17.182254,17.182254,0,0,0,0
10,17.182253,17.182259,0.00063213316,0.0032213029,0.00063213606,0.0032213159
20,17.182208,17.18243,0.0110843,0.0392267,0.011084339,0.039226833
30,17.181956,17.183284,0.044266108,0.1484256,0.04426626,0.14842611
40,17.181192,17.185876,0.11710152,0.40199118,0.11710193,0.40199262
50,17.179399,17.192124,0.25449784,0.89395145,0.25449874,0.89395464
60,17.175799,17.204735,0.48226673,1.6775139,0.48226842,1.6775196
70,17.169395,17.226596,0.8171604,2.7362596,0.8171632,2.7362683
80,17.159083,17.260178,1.2636844,4.0099686,1.2636886,4.0099806
90,17.143765,17.307283,1.8168618,5.4302983,1.8168676,5.4303136
100,17.122424,17.369082,2.4665827,6.940697,2.4665903,6.9407156
110,17.094152,17.446261,3.2009988,8.5008694,3.2010083,8.5008911
120,17.058161,17.539174,4.0084475,10.083747,4.008459,10.083772
130,17.013775,17.64795,4.8782709,11.670887,4.8782845,11.670915
140,16.960419,17.772561,5.8010158,13.248836,5.8010315,13.248866
150,16.897606,17.91286,6.7683634,14.806945,6.7683813,14.806978
160,16.824927,18.068604,7.7729785,16.336308,7.7729986,16.336343
170,16.742044,18.239465,8.8083618,17.829348,8.8083841,17.829386
180,16.648677,18.425049,9.8687312,19.279724,9.8687557,19.279764
190,16.544603,18.6249,10.948933,20.682319,10.94896,20.682361
200,16.429648,18.838523,12.044375,22.033229,12.044404,22.033272
210,16.303679,19.065383,13.150976,23.329707,13.151007,23.329753
220,16.166603,19.30493,14.265121,24.570069,14.265154,24.570116
230,16.018362,19.556595,15.383624,25.753567,15.38366,25.753615
240,15.858925,19.819811,16.503692,26.880245,16.50373,26.880295
250,15.688291,20.094013,17.622889,27.950805,17.622928,27.950856
260,15.506477,20.378644,18.739104,28.966464,18.739145,28.966515
270,15.313525,20.673165,19.850518,29.928835,19.850562,29.928888
280,15.109488,20.97705,20.955577,30.839824,20.955622,30.839877
290,14.894439,21.289797,22.052959,31.701532,22.053006,31.701586
298.15,14.711085,21.550905,22.940868,32.368921,22.940917,32.368975
300,14.668458,21.610924,23.141551,32.51619,23.1416,32.516244
310,14.43164,21.939971,24.220423,33.286088,24.220474,33.286143
320,14.184085,22.276504,25.288809,34.013539,25.288862,34.013594
330,13.925901,22.620108,26.346083,34.700833,26.346137,34.700889
340,13.657202,22.970394,27.391742,35.350213,27.391798,35.35027
350,13.378106,23.326993,28.425392,35.963857,28.42545,35.963914
360,13.088735,23.689559,29.446733,36.54386,29.446793,36.543916
370,12.789213,24.057765,30.455545,37.092223,30.455606,37.092281
380,12.479667,24.431305,31.451679,37.610856,31.451741,37.610913
390,12.160222,24.809889,32.435043,38.101564,32.435107,38.101621
400,11.831008,25.193249,33.4056,38.566055,33.405665,38.566113
410,11.492153,25.581128,34.363354,39.005938,34.363421,39.005996
420,11.143784,25.97329,35.308348,39.422724,35.308417,39.422782
430,10.786028,26.369511,36.240656,39.817833,36.240726,39.817891
440,10.419013,26.769579,37.160378,40.192594,37.160449,40.192653
450,10.042862,27.173299,38.067637,40.548252,38.067709,40.548311
460,9.6577011,27.580484,38.962572,40.885971,38.962646,40.886029
470,9.2636515,27.990962,39.845342,41.206838,39.845416,41.206897
480,8.8608343,28.404568,40.716113,41.51187,40.716189,41.511929
490,8.4493686,28.82115,41.575064,41.802016,41.575141,41.802075
500,8.0293718,29.240562,42.422381,42.078162,42.422459,42.078221
510,7.6009591,29.662669,43.258255,42.341135,43.258335,42.341194
520,7.1642442,30.087343,44.082883,42.591708,44.082964,42.591767
530,6.7193383,30.514464,44.896464,42.830602,44.896546,42.830661
540,6.266351,30.943919,45.6992,43.058491,45.699282,43.05855
550,5.8053898,31.3756,46.491291,43.276004,46.491375,43.276063
560,5.33656,31.809406,47.27294,43.483729,47.273025,43.483788
570,4.8599651,32.245243,48.044348,43.682215,48.044434,43.682274
580,4.3757065,32.683021,48.805715,43.871977,48.805803,43.872036
590,3.8838836,33.122655,49.55724,44.053495,49.557329,44.053555
600,3.3845939,33.564065,50.299119,44.22722,50.299208,44.227279
610,2.8779327,34.007175,51.031545,44.393572,51.031635,44.393631
620,2.3639938,34.451914,51.754709,44.552946,51.7548,44.553005
630,1.8428688,34.898212,52.468799,44.705712,52.468891,44.705771
640,1.3146475,35.346007,53.173999,44.852217,53.174092,44.852276
650,0.77941786,35.795237,53.870491,44.992786,53.870585,44.992845
660,0.23726611,36.245844,54.558451,45.127724,54.558546,45.127783
670,-0.31172331,36.697773,55.238055,45.257318,55.238151,45.257377
680,-0.8674677,37.150973,55.909472,45.381838,55.909569,45.381897
690,-1.429886,37.605394,56.57287,45.501536,56.572967,45.501595
700,-1.9988989,38.060989,57.228411,45.616651,57.228509,45.616711
710,-2.5744286,38.517713,57.876255,45.727408,57.876354,45.727467
720,-3.1563989,38.975523,58.516558,45.834016,58.516658,45.834076
730,-3.7447351,39.43438,59.149472,45.936676,59.149573,45.936736
740,-4.3393642,39.894244,59.775146,46.035575,59.775248,46.035634
750,-4.9402144,40.355079,60.393725,46.130889,60.393827,46.130948
760,-5.5472155,40.81685,61.00535,46.222785,61.005453,46.222845
770,-6.1602987,41.279524,61.61016,46.311422,61.610264,46.311481
780,-6.7793964,41.743069,62.208288,46.396946,62.208393,46.397006
790,-7.4044426,42.207453,62.799868,46.4795,62.799974,46.47956
800,-8.0353724,42.672649,63.385027,46.559216,63.385133,46.559276
810,-8.6721222,43.138628,63.96389,46.63622,63.963997,46.63628
820,-9.3146296,43.605365,64.536579,46.710631,64.536686,46.710691
830,-9.9628336,44.072833,65.103213,46.782562,65.103321,46.782622
840,-10.616674,44.541008,65.663907,46.85212,65.664017,46.852179
850,-11.276092,45.009868,66.218776,46.919405,66.218886,46.919464
860,-11.941031,45.479389,66.76793,46.984514,66.76804,46.984573
870,-12.611432,45.949551,67.311475,47.047538,67.311586,47.047598
880,-13.287242,46.420333,67.849517,47.108564,67.849629,47.108623
890,-13.968405,46.891716,68.382158,47.167673,68.38227,47.167732
900,-14.654867,47.36368,68.909497,47.224943,68.909611,47.225003
910,-15.346577,47.836209,69.431633,47.28045,69.431747,47.280509
920,-16.043483,48.309284,69.948659,47.334263,69.948774,47.334322
930,-16.745534,48.782889,70.460669,47.386449,70.460784,47.386508
940,-17.45268,49.257008,70.967753,47.437073,70.967868,47.437132
950,-18.164873,49.731625,71.469998,47.486195,71.470114,47.486254
960,-18.882064,50.206727,71.96749,47.533872,71.967607,47.533932
970,-19.604207,50.682298,72.460314,47.580162,72.460432,47.580221
980,-20.331255,51.158325,72.948551,47.625115,72.94867,47.625174
990,-21.063163,51.634796,73.432282,47.668782,73.4324,47.668841
1000,-21.799886,52.111697,73.911583,47.711211,73.911702,47.711271
1010,-22.54138,52.589016,74.386531,47.752449,74.386651,47.752508
1020,-23.287602,53.066742,74.8572,47.792537,74.857321,47.792597
1030,-24.03851,53.544863,75.323663,47.831519,75.323785,47.831578
1040,-24.794062,54.023369,75.785991,47.869434,75.786113,47.869493
1050,-25.554216,54.502249,76.244252,47.90632,76.244374,47.906379
1060,-26.318933,54.981492,76.698514,47.942214,76.698637,47.942273
1070,-27.088173,55.46109,77.148844,47.97715,77.148967,47.977209
1080,-27.861897,55.941032,77.595305,48.011162,77.595429,48.011221
1090,-28.640067,56.42131,78.03796,48.044281,78.038085,48.044341
1100,-29.422644,56.901915,78.476872,48.076539,78.476997,48.076599
1110,-30.209592,57.382838,78.912099,48.107965,78.912225,48.108024
1120,-31.000874,57.864071,79.343701,48.138586,79.343827,48.138646
1130,-31.796454,58.345607,79.771735,48.16843,79.771862,48.16849
1140,-32.596297,58.827437,80.196258,48.197523,80.196385,48.197582
1150,-33.400368,59.309555,80.617324,48.225889,80.617452,48.225948
1160,-34.208632,59.791953,81.034987,48.253552,81.035115,48.253611
1170,-35.021056,60.274624,81.449299,48.280534,81.449428,48.280594
1180,-35.837607,60.757561,81.860312,48.306859,81.860441,48.306918
1190,-36.658252,61.240759,82.268076,48.332546,82.268206,48.332605
1200,-37.482958,61.72421,82.67264,48.357616,82.67277,48.357675
1210,-38.311694,62.207909,83.074052,48.382089,83.074183,48.382148
1220,-39.144429,62.69185,83.47236,48.405982,83.472491,48.406042
1230,-39.981131,63.176027,83.867608,48.429315,83.86774,48.429374
1240,-40.821771,63.660435,84.259843,48.452104,84.259975,48.452163
1250,-41.666318,64.145067,84.649108,48.474366,84.649241,48.474425
1260,-42.514743,64.62992,85.035447,48.496117,85.03558,48.496176
1270,-43.367017,65.114988,85.418902,48.517372,85.419035,48.517431
1280,-44.223112,65.600266,85.799514,48.538146,85.799648,48.538206
1290,-45.082998,66.085749,86.177324,48.558454,86.177458,48.558513
1300,-45.946649,66.571434,86.552371,48.578309,86.552506,48.578368
1310,-46.814037,67.057314,86.924695,48.597724,86.924831,48.597784
1320,-47.685134,67.543387,87.294334,48.616713,87.29447,48.616772
1330,-48.559914,68.029647,87.661324,48.635287,87.661461,48.635346
1340,-49.438352,68.516091,88.025703,48.653458,88.02584,48.653518
1350,-50.32042,69.002715,88.387507,48.671239,88.387644,48.671298
1360,-51.206093,69.489515,88.74677,48.688639,88.746908,48.688699
1370,-52.095347,69.976486,89.103528,48.70567,89.103666,48.70573
1380,-52.988156,70.463627,89.457813,48.722342,89.457952,48.722402
1390,-53.884495,70.950932,89.80966,48.738665,89.809799,48.738724
1400,-54.784341,71.438399,90.1591,48.754649,90.159239,48.754708
1410,-55.687669,71.926024,90.506165,48.770302,90.506305,48.770361
1420,-56.594456,72.413804,90.850887,48.785634,90.851028,48.785693
1430,-57.504679,72.901736,91.193297,48.800653,91.193438,48.800712
1440,-58.418315,73.389816,91.533424,48.815368,91.533565,48.815428
1450,-59.33534,73.878042,91.871298,48.829788,91.871439,48.829847
1460,-60.255733,74.366411,92.206948,48.843919,92.20709,48.843978
1470,-61.179472,74.854919,92.540402,48.857769,92.540544,48.857828
1480,-62.106534,75.343565,92.871689,48.871346,92.871831,48.871405
1490,-63.036898,75.832345,93.200835,48.884657,93.200978,48.884716
1500,-63.970544,76.321257,93.527867,48.897708,93.528011,48.897768
1510,-64.907449,76.810299,93.852813,48.910507,93.852957,48.910566
1520,-65.847593,77.299467,94.175697,48.92306,94.175842,48.923119
1530,-66.790956,77.788759,94.496546,48.935372,94.496691,48.935432
1540,-67.737517,78.278173,94.815384,48.947451,94.815529,48.94751
1550,-68.687257,78.767707,95.132235,48.959302,95.132381,48.959361
1560,-69.640155,79.257359,95.447124,48.97093,95.44727,48.970989
1570,-70.596193,79.747125,95.760075,48.982341,95.760222,48.9824
1580,-71.555351,80.237005,96.071111,48.993541,96.071258,48.9936
1590,-72.517609,80.726995,96.380254,49.004534,96.380401,49.004593
1600,-73.482949,81.217095,96.687528,49.015326,96.687675,49.015385
1610,-74.451353,81.707301,96.992953,49.025921,96.993101,49.025981
1620,-75.422802,82.197613,97.296553,49.036325,97.296701,49.036384
1630,-76.397278,82.688027,97.598347,49.046541,97.598495,49.046601
1640,-77.374763,83.178543,97.898357,49.056575,97.898506,49.056634
1650,-78.35524,83.669158,98.196605,49.06643,98.196754,49.066489
1660,-79.33869,84.159871,98.493109,49.076111,98.493258,49.07617
1670,-80.325096,84.65068,98.78789,49.085622,98.78804,49.085681
1680,-81.314442,85.141583,99.080967,49.094966,99.081117,49.095025
1690,-82.30671,85.632578,99.37236,49.104148,99.372511,49.104207
1700,-83.301883,86.123665,99.662087,49.113171,99.662238,49.11323
1710,-84.299946,86.614841,99.950168,49.122039,99.950319,49.122098
1720,-85.300881,87.106106,100.23662,49.130756,100.23677,49.130815
1730,-86.304673,87.597456,100.52146,49.139324,100.52161,49.139383
1740,-87.311305,88.088891,100.80471,49.147748,100.80486,49.147807
1750,-88.320762,88.580411,101.08638,49.15603,101.08654,49.156089
1760,-89.333028,89.072012,101.3665,49.164173,101.36665,49.164232
1770,-90.348087,89.563694,101.64507,49.172181,101.64523,49.172241
1780,-91.365924,90.055455,101.92212,49.180057,101.92228,49.180116
1790,-92.386524,90.547294,102.19766,49.187803,102.19782,49.187863
1800,-93.409872,91.03921,102.47171,49.195423,102.47187,49.195482
1810,-94.435954,91.531202,102.74429,49.202918,102.74444,49.202978
1820,-95.464753,92.023268,103.0154,49.210292,103.01555,49.210352
1830,-96.496257,92.515408,103.28506,49.217548,103.28522,49.217607
1840,-97.53045,93.007619,103.5533,49.224687,103.55345,49.224746
1850,-98.567318,93.499901,103.82012,49.231713,103.82027,49.231772
1860,-99.606847,93.992253,104.08554,49.238627,104.08569,49.238686
1870,-100.64902,94.484673,104.34957,49.245432,104.34973,49.245491
1880,-101.69383,94.977161,104.61223,49.252131,104.61239,49.25219
1890,-102.74126,95.469716,104.87353,49.258725,104.87369,49.258784
1900,-103.7913,95.962335,105.13349,49.265216,105.13365,49.265275
1910,-104.84393,96.45502,105.39212,49.271607,105.39228,49.271667
1920,-105.89914,96.947767,105.64943,49.2779,105.64959,49.27796
1930,-106.95691,97.440577,105.90544,49.284097,105.90559,49.284157
1940,-108.01724,97.933449,106.16015,49.2902,106.16031,49.290259
1950,-109.08011,98.426381,106.41359,49.29621,106.41375,49.296269
1960,-110.14551,98.919373,106.66576,49.30213,106.66592,49.302189
1970,-111.21342,99.412423,106.91667,49.307961,106.91683,49.30802
1980,-112.28384,99.905532,107.16635,49.313704,107.16651,49.313764
1990,-113.35675,100.3987,107.4148,49.319363,107.41496,49.319422
2000,-114.43213,100.89192,107.66203,49.324938,107.66219,49.324997
2010,-115.50998,101.3852,107.90805,49.330431,107.90821,49.330491
2020,-116.59029,101.87853,108.15288,49.335844,108.15304,49.335903
2030,-117.67304,102.37191,108.39653,49.341178,108.39669,49.341237
2040,-118.75822,102.86535,108.639,49.346435,108.63916,49.346494
2050,-119.84581,103.35884,108.88032,49.351616,108.88048,49.351675
2060,-120.93582,103.85238,109.12049,49.356722,109.12065,49.356781
2070,-122.02822,104.34597,109.35951,49.361756,109.35968,49.361815
2080,-123.123,104.83962,109.59741,49.366718,109.59758,49.366777
2090,-124.22016,105.33331,109.8342,49.371609,109.83436,49.371669
2100,-125.31968,105.82705,110.06987,49.376432,110.07004,49.376492
2110,-126.42156,106.32084,110.30445,49.381188,110.30462,49.381247
2120,-127.52577,106.81467,110.53794,49.385876,110.53811,49.385936
2130,-128.63231,107.30855,110.77036,49.3905,110.77052,49.390559
2140,-129.74117,107.80248,111.00171,49.39506,111.00187,49.395119
2150,-130.85234,108.29646,111.232,49.399557,111.23216,49.399616
2160,-131.96581,108.79047,111.46124,49.403992,111.46141,49.404052
2170,-133.08156,109.28454,111.68945,49.408367,111.68961,49.408426
2180,-134.1996,109.77864,111.91662,49.412683,111.91679,49.412742
2190,-135.31989,110.27279,112.14278,49.41694,112.14294,49.416999
2200,-136.44245,110.76698,112.36792,49.42114,112.36809,49.421199
